a,b,r,w,N_cells,R,coupling_gap,coupling_width,q_avg,q_std,q_robustness,bandgap_size,mode_volume,dimerization_ratio
0.506671284399804,0.15461255395938012,0.05977034111767475,0.5887960208584075,119,12.524344407735883,0.45161399650997314,0.35425561302276,-14.928128275969385,14.928128275969385,-1.0,-14.928128275969385,14.928128275969385,3.277038451437242
